{"cameraMode":{"drawMode":0,"name":"Shaded","section":"Shading Mode"},"sceneLighting":true,"audioPlay":false,"sceneViewState":{"showFog":true,"showMaterialUpdate":false,"showSkybox":true,"showFlares":true,"showImageEffects":true,"showParticleSystems":true},"in2DMode":false,"pivot":{"x":-2.5200681686401369,"y":0.31369251012802126,"z":-21.014324188232423},"rotation":{"x":0.027003472670912744,"y":0.7490024566650391,"z":-0.03058324195444584,"w":0.6613128781318665},"size":2.035600423812866,"orthographic":false}